<?xml version="1.0" encoding="UTF-8"?>
<project-private xmlns="http://www.netbeans.org/ns/project-private/1">
    <editor-bookmarks xmlns="http://www.netbeans.org/ns/editor-bookmarks/2" lastBookmarkId="0"/>
    <open-files xmlns="http://www.netbeans.org/ns/projectui-open-files/2">
        <group>
            <file>file:/C:/Users/Devin%20Gilmore/cmpsc%20221/RoomSchedulerDevinGilmoredcg5264(2)/src/RoomQueries.java</file>
            <file>file:/C:/Users/Devin%20Gilmore/cmpsc%20221/RoomSchedulerDevinGilmoredcg5264(2)/src/RoomSchdulerGUI.java</file>
            <file>file:/C:/Users/Devin%20Gilmore/cmpsc%20221/RoomSchedulerDevinGilmoredcg5264(2)/src/ReservationEntry.java</file>
            <file>file:/C:/Users/Devin%20Gilmore/cmpsc%20221/RoomSchedulerDevinGilmoredcg5264(2)/src/WaitListEntry.java</file>
            <file>file:/C:/Users/Devin%20Gilmore/cmpsc%20221/RoomSchedulerDevinGilmoredcg5264(2)/src/RoomEntry.java</file>
            <file>file:/C:/Users/Devin%20Gilmore/cmpsc%20221/RoomSchedulerDevinGilmoredcg5264(2)/src/WaitListQueries.java</file>
        </group>
    </open-files>
</project-private>
